date,exchange_rate,base_rate,cpi,exchange_yoy,base_rate_change,cpi_yoy,exchange_lag_1,base_rate_lag_1,exchange_lag_3,base_rate_lag_3,exchange_lag_6,base_rate_lag_6,exchange_lag_12,base_rate_lag_12
2015-01-01,1088.86,2.0,94.643,,,,,,,,,,,
2015-02-01,1098.4,2.0,94.587,,0.0,,,,,,,,,
2015-03-01,1112.57,1.75,94.596,,-0.25,,,0.0,,,,,,
2015-04-01,1088.66,1.75,94.625,,0.0,,,-0.25,,,,,,
2015-05-01,1091.27,1.75,94.89,,0.0,,,0.0,,0.0,,,,
2015-06-01,1112.2,1.5,94.909,,-0.25,,,0.0,,-0.25,,,,
2015-07-01,1143.22,1.5,95.08,,0.0,,,-0.25,,0.0,,,,
2015-08-01,1179.1,1.5,95.213,,0.0,,,0.0,,0.0,,0.0,,
2015-09-01,1184.76,1.5,94.966,,0.0,,,0.0,,-0.25,,-0.25,,
2015-10-01,1148.18,1.5,94.966,,0.0,,,0.0,,0.0,,0.0,,
2015-11-01,1151.97,1.5,94.786,,0.0,,,0.0,,0.0,,0.0,,
2015-12-01,1172.24,1.5,95.07,,0.0,,,0.0,,0.0,,-0.25,,
2016-01-01,1201.67,1.5,95.232,10.360376907958791,0.0,0.6223386832623579,,0.0,,0.0,,0.0,,
2016-02-01,1217.35,1.5,95.64,10.82938820101964,0.0,1.1132608075105521,10.360376907958791,0.0,,0.0,,0.0,,0.0
2016-03-01,1188.21,1.5,95.393,6.798673341902095,0.0,0.8425303395492412,10.82938820101964,0.0,,0.0,,0.0,,-0.25
2016-04-01,1147.51,1.5,95.573,5.405728142854516,0.0,1.0018494055482163,6.798673341902095,0.0,10.360376907958791,0.0,,0.0,,0.0
2016-05-01,1171.51,1.5,95.63,7.352900748668989,0.0,0.7798503530403567,5.405728142854516,0.0,10.82938820101964,0.0,,0.0,,0.0
2016-06-01,1170.5,1.25,95.611,5.241862974285194,-0.25,0.7396558808964393,7.352900748668989,0.0,6.798673341902095,0.0,,0.0,,-0.25
2016-07-01,1144.09,1.25,95.431,0.07610083798392786,0.0,0.3691628102650446,5.241862974285194,-0.25,5.405728142854516,0.0,10.360376907958791,0.0,,0.0
2016-08-01,1111.68,1.25,95.677,-5.717920447799152,0.0,0.4873284110363141,0.07610083798392786,0.0,7.352900748668989,0.0,10.82938820101964,0.0,,0.0
2016-09-01,1107.49,1.25,96.247,-6.521996016070764,0.0,1.3489038182086244,-5.717920447799152,0.0,5.241862974285194,-0.25,6.798673341902095,0.0,,0.0
2016-10-01,1125.28,1.25,96.379,-1.994460798829456,0.0,1.4879009329654913,-6.521996016070764,0.0,0.07610083798392786,0.0,5.405728142854516,0.0,,0.0
2016-11-01,1161.64,1.25,96.237,0.8394315824196807,0.0,1.5308167872892575,-1.994460798829456,0.0,-5.717920447799152,0.0,7.352900748668989,0.0,,0.0
2016-12-01,1182.28,1.25,96.342,0.8564799017266145,0.0,1.3379615020511215,0.8394315824196807,0.0,-6.521996016070764,0.0,5.241862974285194,-0.25,,0.0
2017-01-01,1185.1,1.25,97.366,-1.3789143442043295,0.0,2.2408434139784994,0.8564799017266145,0.0,-1.994460798829456,0.0,0.07610083798392786,0.0,10.360376907958791,0.0
2017-02-01,1144.92,1.25,97.632,-5.949809011377161,0.0,2.0828105395232166,-1.3789143442043295,0.0,0.8394315824196807,0.0,-5.717920447799152,0.0,10.82938820101964,0.0
2017-03-01,1134.77,1.25,97.565,-4.4975214818929405,0.0,2.27689662763515,-5.949809011377161,0.0,0.8564799017266145,0.0,-6.521996016070764,0.0,6.798673341902095,0.0
2017-04-01,1132.73,1.25,97.442,-1.2880062047389562,0.0,1.9555732267481307,-4.4975214818929405,0.0,-1.3789143442043295,0.0,-1.994460798829456,0.0,5.405728142854516,0.0
2017-05-01,1125.28,1.25,97.546,-3.946189106366993,0.0,2.0035553696538866,-1.2880062047389562,0.0,-5.949809011377161,0.0,0.8394315824196807,0.0,7.352900748668989,0.0
2017-06-01,1130.04,1.25,97.338,-3.4566424604869694,0.0,1.806277520368993,-3.946189106366993,0.0,-4.4975214818929405,0.0,0.8564799017266145,0.0,5.241862974285194,-0.25
2017-07-01,1134.4,1.25,97.499,-0.8469613404539666,0.0,2.167010719787066,-3.4566424604869694,0.0,-1.2880062047389562,0.0,-1.3789143442043295,0.0,0.07610083798392786,0.0
2017-08-01,1130.79,1.25,98.058,1.7190198618307395,0.0,2.4885813727437034,-0.8469613404539666,0.0,-3.946189106366993,0.0,-5.949809011377161,0.0,-5.717920447799152,0.0
2017-09-01,1131.59,1.25,98.172,2.176091883448139,0.0,2.0000623396053907,1.7190198618307395,0.0,-3.4566424604869694,0.0,-4.4975214818929405,0.0,-6.521996016070764,0.0
2017-10-01,1131.57,1.25,98.077,0.5589719891937905,0.0,1.76179458180723,2.176091883448139,0.0,-0.8469613404539666,0.0,-1.2880062047389562,0.0,-1.994460798829456,0.0
2017-11-01,1105.04,1.5,97.347,-4.872421748562383,0.25,1.1534025374855927,0.5589719891937905,0.0,1.7190198618307395,0.0,-3.946189106366993,0.0,0.8394315824196807,0.0
2017-12-01,1085.78,1.5,97.698,-8.162195080691548,0.0,1.4074858317244754,-4.872421748562383,0.25,2.176091883448139,0.0,-3.4566424604869694,0.0,0.8564799017266145,0.0
2018-01-01,1066.7,1.5,98.106,-9.990718082862193,0.0,0.7600188977671785,-8.162195080691548,0.0,0.5589719891937905,0.0,-0.8469613404539666,0.0,-1.3789143442043295,0.0
2018-02-01,1079.58,1.5,98.855,-5.706948957132385,0.0,1.2526630612913703,-9.990718082862193,0.0,-4.872421748562383,0.25,1.7190198618307395,0.0,-5.949809011377161,0.0
2018-03-01,1071.89,1.5,98.751,-5.541210994298396,0.0,1.2155998565059223,-5.706948957132385,0.0,-8.162195080691548,0.0,2.176091883448139,0.0,-4.4975214818929405,0.0
2018-04-01,1067.76,1.5,98.931,-5.735700475841554,0.0,1.528088503930558,-5.541210994298396,0.0,-9.990718082862193,0.0,0.5589719891937905,0.0,-1.2880062047389562,0.0
2018-05-01,1076.39,1.5,98.979,-4.3446964311104725,0.0,1.469050499251634,-5.735700475841554,0.0,-5.706948957132385,0.0,-4.872421748562383,0.25,-3.946189106366993,0.0
2018-06-01,1092.8,1.5,98.779,-3.2954585678383053,0.0,1.4804084735663414,-4.3446964311104725,0.0,-5.541210994298396,0.0,-8.162195080691548,0.0,-3.4566424604869694,0.0
2018-07-01,1122.8,1.5,98.59,-1.0225669957687034,0.0,1.118985835752162,-3.2954585678383053,0.0,-5.735700475841554,0.0,-9.990718082862193,0.0,-0.8469613404539666,0.0
2018-08-01,1121.15,1.5,99.462,-0.852501348614676,0.0,1.4318056660343803,-1.0225669957687034,0.0,-4.3446964311104725,0.0,-5.706948957132385,0.0,1.7190198618307395,0.0
2018-09-01,1120.6,1.5,100.221,-0.9711998161878399,0.0,2.0871531597604243,-0.852501348614676,0.0,-3.2954585678383053,0.0,-5.541210994298396,0.0,2.176091883448139,0.0
2018-10-01,1130.81,1.5,100.041,-0.06716332175649153,0.0,2.002508233326883,-0.9711998161878399,0.0,-1.0225669957687034,0.0,-5.735700475841554,0.0,0.5589719891937905,0.0
2018-11-01,1128.58,1.75,99.33,2.1302396293346737,0.25,2.037042743998274,-0.06716332175649153,0.0,-0.852501348614676,0.0,-4.3446964311104725,0.0,-4.872421748562383,0.25
2018-12-01,1122.9,1.75,98.988,3.418740444657309,0.0,1.320395504513927,2.1302396293346737,0.25,-0.9711998161878399,0.0,-3.2954585678383053,0.0,-8.162195080691548,0.0
2019-01-01,1122.0,1.75,98.884,5.184212993343951,0.0,0.7930197949157058,3.418740444657309,0.0,-0.06716332175649153,0.0,-1.0225669957687034,0.0,-9.990718082862193,0.0
2019-02-01,1122.45,1.75,99.311,3.9709887178347225,0.0,0.46128167518082464,5.184212993343951,0.0,2.1302396293346737,0.25,-0.852501348614676,0.0,-5.706948957132385,0.0
2019-03-01,1130.72,1.75,99.121,5.48843631342768,0.0,0.3746797500784771,3.9709887178347225,0.0,3.418740444657309,0.0,-0.9711998161878399,0.0,-5.541210994298396,0.0
2019-04-01,1140.95,1.75,99.481,6.854536599985028,0.0,0.5559430310013935,5.48843631342768,0.0,5.184212993343951,0.0,-0.06716332175649153,0.0,-5.735700475841554,0.0
2019-05-01,1183.29,1.75,99.652,9.931344586999113,0.0,0.6799422099637242,6.854536599985028,0.0,3.9709887178347225,0.0,2.1302396293346737,0.25,-4.3446964311104725,0.0
2019-06-01,1175.62,1.75,99.491,7.57869692532942,0.0,0.7208009799653858,9.931344586999113,0.0,5.48843631342768,0.0,3.418740444657309,0.0,-3.2954585678383053,0.0
2019-07-01,1175.31,1.5,99.187,4.676701104381897,-0.25,0.6055380870270799,7.57869692532942,0.0,6.854536599985028,0.0,5.184212993343951,0.0,-1.0225669957687034,0.0
2019-08-01,1208.98,1.5,99.425,7.833920528029248,0.0,-0.037200136735648925,4.676701104381897,-0.25,9.931344586999113,0.0,3.9709887178347225,0.0,-0.852501348614676,0.0
2019-09-01,1197.55,1.5,99.794,6.866857040870977,0.0,-0.42605841091188923,7.833920528029248,0.0,7.57869692532942,0.0,5.48843631342768,0.0,-0.9711998161878399,0.0
2019-10-01,1184.13,1.25,100.041,4.71520414570088,-0.25,0.0,6.866857040870977,0.0,4.676701104381897,-0.25,6.854536599985028,0.0,-0.06716332175649153,0.0
2019-11-01,1167.45,1.25,99.481,3.44415105708058,0.0,0.15201852411155237,4.71520414570088,-0.25,7.833920528029248,0.0,9.931344586999113,0.0,2.1302396293346737,0.25
2019-12-01,1175.84,1.25,99.719,4.714578323982521,0.0,0.73847335030508,3.44415105708058,0.0,6.866857040870977,0.0,7.57869692532942,0.0,3.418740444657309,0.0
2020-01-01,1164.28,1.25,100.09,3.7682709447415252,0.0,1.2196108571659758,4.714578323982521,0.0,4.71520414570088,-0.25,4.676701104381897,-0.25,5.184212993343951,0.0
2020-02-01,1193.79,1.25,100.16,6.3557396766002805,0.0,0.8548901934327446,3.7682709447415252,0.0,3.44415105708058,0.0,7.833920528029248,0.0,3.9709887178347225,0.0
2020-03-01,1220.09,0.75,99.94,7.903813499363221,-0.5,0.8262628504555058,6.3557396766002805,0.0,4.714578323982521,0.0,6.866857040870977,0.0,5.48843631342768,0.0
2020-04-01,1225.23,0.75,99.5,7.386826767167709,0.0,0.019099124455923544,7.903813499363221,-0.5,3.7682709447415252,0.0,4.71520414570088,-0.25,6.854536599985028,0.0
2020-05-01,1228.67,0.5,99.44,3.835070016648512,-0.25,-0.212740336370576,7.386826767167709,0.0,6.3557396766002805,0.0,3.44415105708058,0.0,9.931344586999113,0.0
2020-06-01,1210.01,0.5,99.71,2.9252649665708397,0.0,0.22012041290166984,3.835070016648512,-0.25,7.903813499363221,-0.5,4.714578323982521,0.0,7.57869692532942,0.0
2020-07-01,1198.9,0.5,99.63,2.007130033778326,0.0,0.44663111093188324,2.9252649665708397,0.0,7.386826767167709,0.0,3.7682709447415252,0.0,4.676701104381897,-0.25
2020-08-01,1186.85,0.5,100.19,-1.8304686595311814,0.0,0.7694241890872533,2.007130033778326,0.0,3.835070016648512,-0.25,6.3557396766002805,0.0,7.833920528029248,0.0
2020-09-01,1178.8,0.5,100.74,-1.5656966306208497,0.0,0.9479527827324308,-1.8304686595311814,0.0,2.9252649665708397,0.0,7.903813499363221,-0.5,6.866857040870977,0.0
2020-10-01,1144.68,0.5,100.18,-3.3315598794051327,0.0,0.1389430333563313,-1.5656966306208497,0.0,2.007130033778326,0.0,7.386826767167709,0.0,4.71520414570088,-0.25
2020-11-01,1116.76,0.5,100.09,-4.341941839050922,0.0,0.6121771996662861,-3.3315598794051327,0.0,-1.8304686595311814,0.0,3.835070016648512,-0.25,3.44415105708058,0.0
2020-12-01,1095.13,0.5,100.33,-6.8640291196080945,0.0,0.6127217481121994,-4.341941839050922,0.0,-1.5656966306208497,0.0,2.9252649665708397,0.0,4.714578323982521,0.0
2021-01-01,1097.49,0.5,101.04,-5.736592572233478,0.0,0.9491457688080684,-6.8640291196080945,0.0,-3.3315598794051327,0.0,2.007130033778326,0.0,3.7682709447415252,0.0
2021-02-01,1111.72,0.5,101.58,-6.874743464093347,0.0,1.417731629392982,-5.736592572233478,0.0,-4.341941839050922,0.0,-1.8304686595311814,0.0,6.3557396766002805,0.0
2021-03-01,1131.02,0.5,101.84,-7.300281126802122,0.0,1.9011406844106515,-6.874743464093347,0.0,-6.8640291196080945,0.0,-1.5656966306208497,0.0,7.903813499363221,-0.5
2021-04-01,1119.4,0.5,101.98,-8.637561927148363,0.0,2.492462311557797,-7.300281126802122,0.0,-5.736592572233478,0.0,-3.3315598794051327,0.0,7.386826767167709,0.0
2021-05-01,1123.28,0.5,102.05,-8.577567613761229,0.0,2.62469831053902,-8.637561927148363,0.0,-6.874743464093347,0.0,-4.341941839050922,0.0,3.835070016648512,-0.25
2021-06-01,1121.3,0.5,102.05,-7.331344369054804,0.0,2.3468057366362594,-8.577567613761229,0.0,-7.300281126802122,0.0,-6.8640291196080945,0.0,2.9252649665708397,0.0
2021-07-01,1143.98,0.5,102.26,-4.580865793644184,0.0,2.6397671384121413,-7.331344369054804,0.0,-8.637561927148363,0.0,-5.736592572233478,0.0,2.007130033778326,0.0
2021-08-01,1160.34,0.75,102.75,-2.2336436786451475,0.25,2.555145224074251,-4.580865793644184,0.0,-8.577567613761229,0.0,-6.874743464093347,0.0,-1.8304686595311814,0.0
2021-09-01,1169.54,0.75,103.17,-0.7855446216491369,0.0,2.4121500893389047,-2.2336436786451475,0.25,-7.331344369054804,0.0,-7.300281126802122,0.0,-1.5656966306208497,0.0
2021-10-01,1182.82,0.75,103.35,3.331935562777355,0.0,3.164304252345773,-0.7855446216491369,0.0,-4.580865793644184,0.0,-8.637561927148363,0.0,-3.3315598794051327,0.0
2021-11-01,1182.91,1.0,103.87,5.923385508076939,0.25,3.776601059046869,3.331935562777355,0.0,-2.2336436786451475,0.25,-8.577567613761229,0.0,-4.341941839050922,0.0
2021-12-01,1183.7,1.0,104.04,8.08762430031138,0.0,3.6977972690122707,5.923385508076939,0.25,-0.7855446216491369,0.0,-7.331344369054804,0.0,-6.8640291196080945,0.0
2022-01-01,1194.01,1.25,104.85,8.79461316276231,0.25,3.7707838479809963,8.08762430031138,0.0,3.331935562777355,0.0,-4.580865793644184,0.0,-5.736592572233478,0.0
2022-02-01,1198.34,1.25,105.42,7.791530241427691,0.0,3.780271707028948,8.79461316276231,0.25,5.923385508076939,0.25,-2.2336436786451475,0.25,-6.874743464093347,0.0
2022-03-01,1221.03,1.25,106.1,7.958303124613186,0.0,4.183032207384119,7.791530241427691,0.0,8.08762430031138,0.0,-0.7855446216491369,0.0,-7.300281126802122,0.0
2022-04-01,1232.34,1.5,106.83,10.08933357155617,0.25,4.755834477348486,7.958303124613186,0.0,8.79461316276231,0.25,3.331935562777355,0.0,-8.637561927148363,0.0
2022-05-01,1269.88,1.75,107.5,13.051064738978724,0.25,5.340519353258211,10.08933357155617,0.25,7.791530241427691,0.0,5.923385508076939,0.25,-8.577567613761229,0.0
2022-06-01,1277.35,1.75,108.21,13.916882190314816,0.0,6.036256736893675,13.051064738978724,0.25,7.958303124613186,0.0,8.08762430031138,0.0,-7.331344369054804,0.0
2022-07-01,1307.4,2.25,108.73,14.285214776482103,0.5,6.327009583414833,13.916882190314816,0.0,10.08933357155617,0.25,8.79461316276231,0.25,-4.580865793644184,0.0
2022-08-01,1318.44,2.5,108.63,13.625316717513837,0.25,5.722627737226271,14.285214776482103,0.5,13.051064738978724,0.25,7.791530241427691,0.0,-2.2336436786451475,0.25
2022-09-01,1391.59,2.5,108.82,18.98609709800434,0.0,5.476398177764841,13.625316717513837,0.25,13.916882190314816,0.0,7.958303124613186,0.0,-0.7855446216491369,0.0
2022-10-01,1426.66,3.0,109.16,20.61514008894001,0.5,5.621673923560722,18.98609709800434,0.0,14.285214776482103,0.5,10.08933357155617,0.25,3.331935562777355,0.0
2022-11-01,1364.1,3.25,109.07,15.317310699884178,0.25,5.0062578222778376,20.61514008894001,0.5,13.625316717513837,0.25,13.051064738978724,0.25,5.923385508076939,0.25
2022-12-01,1296.22,3.25,109.26,9.505786939258254,0.0,5.017301038062283,15.317310699884178,0.25,18.98609709800434,0.0,13.916882190314816,0.0,8.08762430031138,0.0
2023-01-01,1247.25,3.5,110.07,4.458924129613662,0.25,4.978540772532192,9.505786939258254,0.0,20.61514008894001,0.5,14.285214776482103,0.5,8.79461316276231,0.25
2023-02-01,1270.74,3.5,110.33,6.041691005891492,0.0,4.6575602352494805,4.458924129613662,0.25,15.317310699884178,0.25,13.625316717513837,0.25,7.791530241427691,0.0
2023-03-01,1305.73,3.5,110.52,6.936766500413594,0.0,4.165881244109326,6.041691005891492,0.0,9.505786939258254,0.0,18.98609709800434,0.0,7.958303124613186,0.0
2023-04-01,1320.01,3.5,110.77,7.1141081195124745,0.0,3.6881025929046185,6.936766500413594,0.0,4.458924129613662,0.25,20.61514008894001,0.5,10.08933357155617,0.25
2023-05-01,1328.21,3.5,111.13,4.593347402904202,0.0,3.3767441860464986,7.1141081195124745,0.0,6.041691005891492,0.0,15.317310699884178,0.25,13.051064738978724,0.25
2023-06-01,1296.71,3.5,111.16,1.5156378439738605,0.0,2.7261805748082457,4.593347402904202,0.0,6.936766500413594,0.0,9.505786939258254,0.0,13.916882190314816,0.0
2023-07-01,1286.3,3.5,111.29,-1.6138901636836622,0.0,2.3544559919065566,1.5156378439738605,0.0,7.1141081195124745,0.0,4.458924129613662,0.25,14.285214776482103,0.5
2023-08-01,1318.47,3.5,112.28,0.00227541640120954,0.0,3.3600294577925016,-1.6138901636836622,0.0,4.593347402904202,0.0,6.041691005891492,0.0,13.625316717513837,0.25
2023-09-01,1329.47,3.5,112.85,-4.463958493521791,0.0,3.703363352324951,0.00227541640120954,0.0,1.5156378439738605,0.0,6.936766500413594,0.0,18.98609709800434,0.0
2023-10-01,1350.69,3.5,113.27,-5.32502488329385,0.0,3.765115426896304,-4.463958493521791,0.0,-1.6138901636836622,0.0,7.1141081195124745,0.0,20.61514008894001,0.5
2023-11-01,1310.39,3.5,112.68,-3.937394619162804,0.0,3.3098010452003335,-5.32502488329385,0.0,0.00227541640120954,0.0,4.593347402904202,0.0,15.317310699884178,0.25
2023-12-01,1303.98,3.5,112.73,0.5986638070697881,0.0,3.1759106717920593,-3.937394619162804,0.0,-4.463958493521791,0.0,1.5156378439738605,0.0,9.505786939258254,0.0
2024-01-01,1323.57,3.5,113.17,6.119061936259773,0.0,2.816389570273481,0.5986638070697881,0.0,-5.32502488329385,0.0,-1.6138901636836622,0.0,4.458924129613662,0.25
2024-02-01,1331.74,3.5,113.78,4.80035255048239,0.0,3.1269826882987406,6.119061936259773,0.0,-3.937394619162804,0.0,0.00227541640120954,0.0,6.041691005891492,0.0
2024-03-01,1330.69,3.5,113.95,1.911574368361002,0.0,3.1035106768005916,4.80035255048239,0.0,0.5986638070697881,0.0,-4.463958493521791,0.0,6.936766500413594,0.0
2024-04-01,1367.83,3.5,114.01,3.622699828031606,0.0,2.9249796876410716,1.911574368361002,0.0,6.119061936259773,0.0,-5.32502488329385,0.0,7.1141081195124745,0.0
2024-05-01,1365.39,3.5,114.1,2.799256141724582,0.0,2.672545667236559,3.622699828031606,0.0,4.80035255048239,0.0,-3.937394619162804,0.0,4.593347402904202,0.0
2024-06-01,1380.13,3.5,113.84,6.433204031741879,0.0,2.4109391867578323,2.799256141724582,0.0,1.911574368361002,0.0,0.5986638070697881,0.0,1.5156378439738605,0.0
2024-07-01,1383.38,3.5,114.13,7.547228484801383,0.0,2.5518914547578264,6.433204031741879,0.0,3.622699828031606,0.0,6.119061936259773,0.0,-1.6138901636836622,0.0
2024-08-01,1354.15,3.5,114.54,2.706166996594539,0.0,2.012825080156766,7.547228484801383,0.0,2.799256141724582,0.0,4.80035255048239,0.0,0.00227541640120954,0.0
2024-09-01,1334.82,3.5,114.65,0.40241600036103886,0.0,1.5950376606114425,2.706166996594539,0.0,6.433204031741879,0.0,1.911574368361002,0.0,-4.463958493521791,0.0
2024-10-01,1361.0,3.25,114.69,0.7633135656590184,-0.25,1.2536417409728884,0.40241600036103886,0.0,7.547228484801383,0.0,3.622699828031606,0.0,-5.32502488329385,0.0
2024-11-01,1393.38,3.0,114.4,6.333229038683141,-0.25,1.5264465743698885,0.7633135656590184,-0.25,2.706166996594539,0.0,2.799256141724582,0.0,-3.937394619162804,0.0
2024-12-01,1434.42,3.0,114.91,10.00322090829615,0.0,1.9338241816730273,6.333229038683141,-0.25,0.40241600036103886,0.0,6.433204031741879,0.0,0.5986638070697881,0.0
2025-01-01,1455.79,3.0,115.71,9.989649206313223,0.0,2.2444110630025493,10.00322090829615,0.0,0.7633135656590184,-0.25,7.547228484801383,0.0,6.119061936259773,0.0
2025-02-01,1445.56,2.75,116.08,8.546713322420295,-0.25,2.0214448936544116,9.989649206313223,0.0,6.333229038683141,-0.25,2.706166996594539,0.0,4.80035255048239,0.0
2025-03-01,1456.95,2.75,116.29,9.488310575716351,0.0,2.0535322509872778,8.546713322420295,-0.25,10.00322090829615,0.0,0.40241600036103886,0.0,1.911574368361002,0.0
2025-04-01,1444.31,2.75,116.38,5.59133810488146,0.0,2.0787650206122166,9.488310575716351,0.0,9.989649206313223,0.0,0.7633135656590184,-0.25,3.622699828031606,0.0
2025-05-01,1394.49,2.5,116.27,2.131259200667923,-0.25,1.9018404907975572,5.59133810488146,0.0,8.546713322420295,-0.25,6.333229038683141,-0.25,2.799256141724582,0.0
2025-06-01,1366.95,2.5,116.31,-0.9549825016484048,0.0,2.169711876317648,2.131259200667923,-0.25,9.488310575716351,0.0,10.00322090829615,0.0,6.433204031741879,0.0
2025-07-01,1375.22,2.5,116.52,-0.5898596191935779,0.0,2.0941032156313044,-0.9549825016484048,0.0,5.59133810488146,0.0,9.989649206313223,0.0,7.547228484801383,0.0
2025-08-01,1389.66,2.5,116.45,2.6223091976516733,0.0,1.6675397241138423,-0.5898596191935779,0.0,2.131259200667923,-0.25,8.546713322420295,-0.25,2.706166996594539,0.0
2025-09-01,1391.83,2.5,117.06,4.270987848548868,0.0,2.1020497165285645,2.6223091976516733,0.0,-0.9549825016484048,0.0,9.488310575716351,0.0,0.40241600036103886,0.0
2025-10-01,1423.36,2.5,117.42,4.581925055106528,0.0,2.3803295840962635,4.270987848548868,0.0,-0.5898596191935779,0.0,5.59133810488146,0.0,0.7633135656590184,-0.25
2025-11-01,1457.77,2.5,117.2,4.621137091102212,0.0,2.447552447552437,4.581925055106528,0.0,2.6223091976516733,0.0,2.131259200667923,-0.25,6.333229038683141,-0.25
2025-12-01,1467.4,2.5,117.57,2.2991871278983833,0.0,2.3148551039944287,4.621137091102212,0.0,4.270987848548868,0.0,-0.9549825016484048,0.0,10.00322090829615,0.0
