lag_months,exchange_cpi_correlation,exchange_observations,base_rate_cpi_correlation,base_rate_observations
0,0.39190703625827394,120,0.5154867493469084,120
1,0.3555497663093528,119,0.5003195128655489,120
2,0.3123565621212324,118,0.49389734676023067,120
3,0.2715054804822605,117,0.4641872525140737,120
4,0.23525571414211738,116,0.42077910511044553,120
5,0.19927464554707153,115,0.40831152111050634,120
6,0.17157862152124956,114,0.39280048061589573,120
7,0.1427722190371038,113,0.3964863531645326,120
8,0.11127262770950443,112,0.34691339195382426,120
9,0.08341471433238733,111,0.33680841420796603,120
10,0.07020594739250549,110,0.3357838862603837,120
11,0.06684916249383865,109,0.2938202755040054,120
12,0.05690112291441961,108,0.26418163048194543,119
