block_months,statistic,estimate,ci_low,ci_high,approximate_p_two_sided,holm_p_three_tests,valid_replicates
6,exchange_cpi,0.43470112240435693,-0.14984974164342096,0.7351628152324965,0.06904654767261637,0.13809309534523273,20000
6,rate_cpi,0.5213767061958297,0.21811371825322093,0.637523766801865,0.00024998750062496874,0.0007499625018749063,20000
6,rate_minus_exchange,0.08667558379147272,-0.19015514015011803,0.46927700496218105,0.568721563921804,0.568721563921804,20000
12,exchange_cpi,0.43470112240435693,-0.2733789920674221,0.7799575441836966,0.135943202839858,0.271886405679716,20000
12,rate_cpi,0.5213767061958297,0.14555107474064966,0.633471091334,0.0016499175041247937,0.004949752512374381,20000
12,rate_minus_exchange,0.08667558379147272,-0.24750552562211786,0.5533184090594482,0.6313184340782961,0.6313184340782961,20000
18,exchange_cpi,0.43470112240435693,-0.3091682438545576,0.7902489301709757,0.15724213789310534,0.3144842757862107,20000
18,rate_cpi,0.5213767061958297,0.1463800741756397,0.6330997492317827,0.0030998450077496125,0.009299535023248838,20000
18,rate_minus_exchange,0.08667558379147272,-0.26690607903704433,0.5680492671663284,0.6391680415979201,0.6391680415979201,20000
24,exchange_cpi,0.43470112240435693,-0.33072627627961043,0.7859180367361448,0.1744412779361032,0.3488825558722064,20000
24,rate_cpi,0.5213767061958297,0.139357727696835,0.6365221978844934,0.00359982000899955,0.01079946002699865,20000
24,rate_minus_exchange,0.08667558379147272,-0.2485900748895962,0.6014355437130161,0.6343682815859207,0.6343682815859207,20000
