lag_months,observations,exchange_yoy_cpi_correlation,base_rate_change_cpi_correlation
0,108,0.4347011224043571,0.5213767061958297
1,108,0.4031183956061288,0.5008547544512328
2,108,0.36365440284375367,0.49548907665310044
3,108,0.32004756370110826,0.4744722156970583
4,108,0.28337485039562926,0.4302327169380162
5,108,0.24899072590022167,0.4175625291044507
6,108,0.21920989345064723,0.3988235917868731
7,108,0.177617072807139,0.39557080881495743
8,108,0.13222391088368998,0.34756655420752275
9,108,0.10040766793755683,0.3336053106344146
10,108,0.08433364945582945,0.32288216727366453
11,108,0.07445059352821488,0.2793960658306305
12,108,0.056901122914419566,0.24297989953812388
