STAT_CODE,STAT_NAME,ITEM_CODE1,ITEM_NAME1,ITEM_CODE2,ITEM_NAME2,ITEM_CODE3,ITEM_NAME3,ITEM_CODE4,ITEM_NAME4,UNIT_NAME,WGT,TIME,DATA_VALUE
731Y004,3.1.2.1. 주요국 통화의 대원화환율,0000001,원/미국달러(매매기준율),0000100,평균자료,,,,,원,,201501,1088.86
731Y004,3.1.2.1. 주요국 통화의 대원화환율,0000001,원/미국달러(매매기준율),0000100,평균자료,,,,,원,,201502,1098.4
731Y004,3.1.2.1. 주요국 통화의 대원화환율,0000001,원/미국달러(매매기준율),0000100,평균자료,,,,,원,,201503,1112.57
731Y004,3.1.2.1. 주요국 통화의 대원화환율,0000001,원/미국달러(매매기준율),0000100,평균자료,,,,,원,,201504,1088.66
731Y004,3.1.2.1. 주요국 통화의 대원화환율,0000001,원/미국달러(매매기준율),0000100,평균자료,,,,,원,,201505,1091.27
731Y004,3.1.2.1. 주요국 통화의 대원화환율,0000001,원/미국달러(매매기준율),0000100,평균자료,,,,,원,,201506,1112.2
731Y004,3.1.2.1. 주요국 통화의 대원화환율,0000001,원/미국달러(매매기준율),0000100,평균자료,,,,,원,,201507,1143.22
731Y004,3.1.2.1. 주요국 통화의 대원화환율,0000001,원/미국달러(매매기준율),0000100,평균자료,,,,,원,,201508,1179.1
731Y004,3.1.2.1. 주요국 통화의 대원화환율,0000001,원/미국달러(매매기준율),0000100,평균자료,,,,,원,,201509,1184.76
731Y004,3.1.2.1. 주요국 통화의 대원화환율,0000001,원/미국달러(매매기준율),0000100,평균자료,,,,,원,,201510,1148.18
731Y004,3.1.2.1. 주요국 통화의 대원화환율,0000001,원/미국달러(매매기준율),0000100,평균자료,,,,,원,,201511,1151.97
731Y004,3.1.2.1. 주요국 통화의 대원화환율,0000001,원/미국달러(매매기준율),0000100,평균자료,,,,,원,,201512,1172.24
731Y004,3.1.2.1. 주요국 통화의 대원화환율,0000001,원/미국달러(매매기준율),0000100,평균자료,,,,,원,,201601,1201.67
731Y004,3.1.2.1. 주요국 통화의 대원화환율,0000001,원/미국달러(매매기준율),0000100,평균자료,,,,,원,,201602,1217.35
731Y004,3.1.2.1. 주요국 통화의 대원화환율,0000001,원/미국달러(매매기준율),0000100,평균자료,,,,,원,,201603,1188.21
731Y004,3.1.2.1. 주요국 통화의 대원화환율,0000001,원/미국달러(매매기준율),0000100,평균자료,,,,,원,,201604,1147.51
731Y004,3.1.2.1. 주요국 통화의 대원화환율,0000001,원/미국달러(매매기준율),0000100,평균자료,,,,,원,,201605,1171.51
731Y004,3.1.2.1. 주요국 통화의 대원화환율,0000001,원/미국달러(매매기준율),0000100,평균자료,,,,,원,,201606,1170.5
731Y004,3.1.2.1. 주요국 통화의 대원화환율,0000001,원/미국달러(매매기준율),0000100,평균자료,,,,,원,,201607,1144.09
731Y004,3.1.2.1. 주요국 통화의 대원화환율,0000001,원/미국달러(매매기준율),0000100,평균자료,,,,,원,,201608,1111.68
731Y004,3.1.2.1. 주요국 통화의 대원화환율,0000001,원/미국달러(매매기준율),0000100,평균자료,,,,,원,,201609,1107.49
731Y004,3.1.2.1. 주요국 통화의 대원화환율,0000001,원/미국달러(매매기준율),0000100,평균자료,,,,,원,,201610,1125.28
731Y004,3.1.2.1. 주요국 통화의 대원화환율,0000001,원/미국달러(매매기준율),0000100,평균자료,,,,,원,,201611,1161.64
731Y004,3.1.2.1. 주요국 통화의 대원화환율,0000001,원/미국달러(매매기준율),0000100,평균자료,,,,,원,,201612,1182.28
731Y004,3.1.2.1. 주요국 통화의 대원화환율,0000001,원/미국달러(매매기준율),0000100,평균자료,,,,,원,,201701,1185.1
731Y004,3.1.2.1. 주요국 통화의 대원화환율,0000001,원/미국달러(매매기준율),0000100,평균자료,,,,,원,,201702,1144.92
731Y004,3.1.2.1. 주요국 통화의 대원화환율,0000001,원/미국달러(매매기준율),0000100,평균자료,,,,,원,,201703,1134.77
731Y004,3.1.2.1. 주요국 통화의 대원화환율,0000001,원/미국달러(매매기준율),0000100,평균자료,,,,,원,,201704,1132.73
731Y004,3.1.2.1. 주요국 통화의 대원화환율,0000001,원/미국달러(매매기준율),0000100,평균자료,,,,,원,,201705,1125.28
731Y004,3.1.2.1. 주요국 통화의 대원화환율,0000001,원/미국달러(매매기준율),0000100,평균자료,,,,,원,,201706,1130.04
731Y004,3.1.2.1. 주요국 통화의 대원화환율,0000001,원/미국달러(매매기준율),0000100,평균자료,,,,,원,,201707,1134.4
731Y004,3.1.2.1. 주요국 통화의 대원화환율,0000001,원/미국달러(매매기준율),0000100,평균자료,,,,,원,,201708,1130.79
731Y004,3.1.2.1. 주요국 통화의 대원화환율,0000001,원/미국달러(매매기준율),0000100,평균자료,,,,,원,,201709,1131.59
731Y004,3.1.2.1. 주요국 통화의 대원화환율,0000001,원/미국달러(매매기준율),0000100,평균자료,,,,,원,,201710,1131.57
731Y004,3.1.2.1. 주요국 통화의 대원화환율,0000001,원/미국달러(매매기준율),0000100,평균자료,,,,,원,,201711,1105.04
731Y004,3.1.2.1. 주요국 통화의 대원화환율,0000001,원/미국달러(매매기준율),0000100,평균자료,,,,,원,,201712,1085.78
731Y004,3.1.2.1. 주요국 통화의 대원화환율,0000001,원/미국달러(매매기준율),0000100,평균자료,,,,,원,,201801,1066.7
731Y004,3.1.2.1. 주요국 통화의 대원화환율,0000001,원/미국달러(매매기준율),0000100,평균자료,,,,,원,,201802,1079.58
731Y004,3.1.2.1. 주요국 통화의 대원화환율,0000001,원/미국달러(매매기준율),0000100,평균자료,,,,,원,,201803,1071.89
731Y004,3.1.2.1. 주요국 통화의 대원화환율,0000001,원/미국달러(매매기준율),0000100,평균자료,,,,,원,,201804,1067.76
731Y004,3.1.2.1. 주요국 통화의 대원화환율,0000001,원/미국달러(매매기준율),0000100,평균자료,,,,,원,,201805,1076.39
731Y004,3.1.2.1. 주요국 통화의 대원화환율,0000001,원/미국달러(매매기준율),0000100,평균자료,,,,,원,,201806,1092.8
731Y004,3.1.2.1. 주요국 통화의 대원화환율,0000001,원/미국달러(매매기준율),0000100,평균자료,,,,,원,,201807,1122.8
731Y004,3.1.2.1. 주요국 통화의 대원화환율,0000001,원/미국달러(매매기준율),0000100,평균자료,,,,,원,,201808,1121.15
731Y004,3.1.2.1. 주요국 통화의 대원화환율,0000001,원/미국달러(매매기준율),0000100,평균자료,,,,,원,,201809,1120.6
731Y004,3.1.2.1. 주요국 통화의 대원화환율,0000001,원/미국달러(매매기준율),0000100,평균자료,,,,,원,,201810,1130.81
731Y004,3.1.2.1. 주요국 통화의 대원화환율,0000001,원/미국달러(매매기준율),0000100,평균자료,,,,,원,,201811,1128.58
731Y004,3.1.2.1. 주요국 통화의 대원화환율,0000001,원/미국달러(매매기준율),0000100,평균자료,,,,,원,,201812,1122.9
731Y004,3.1.2.1. 주요국 통화의 대원화환율,0000001,원/미국달러(매매기준율),0000100,평균자료,,,,,원,,201901,1122
731Y004,3.1.2.1. 주요국 통화의 대원화환율,0000001,원/미국달러(매매기준율),0000100,평균자료,,,,,원,,201902,1122.45
731Y004,3.1.2.1. 주요국 통화의 대원화환율,0000001,원/미국달러(매매기준율),0000100,평균자료,,,,,원,,201903,1130.72
731Y004,3.1.2.1. 주요국 통화의 대원화환율,0000001,원/미국달러(매매기준율),0000100,평균자료,,,,,원,,201904,1140.95
731Y004,3.1.2.1. 주요국 통화의 대원화환율,0000001,원/미국달러(매매기준율),0000100,평균자료,,,,,원,,201905,1183.29
731Y004,3.1.2.1. 주요국 통화의 대원화환율,0000001,원/미국달러(매매기준율),0000100,평균자료,,,,,원,,201906,1175.62
731Y004,3.1.2.1. 주요국 통화의 대원화환율,0000001,원/미국달러(매매기준율),0000100,평균자료,,,,,원,,201907,1175.31
731Y004,3.1.2.1. 주요국 통화의 대원화환율,0000001,원/미국달러(매매기준율),0000100,평균자료,,,,,원,,201908,1208.98
731Y004,3.1.2.1. 주요국 통화의 대원화환율,0000001,원/미국달러(매매기준율),0000100,평균자료,,,,,원,,201909,1197.55
731Y004,3.1.2.1. 주요국 통화의 대원화환율,0000001,원/미국달러(매매기준율),0000100,평균자료,,,,,원,,201910,1184.13
731Y004,3.1.2.1. 주요국 통화의 대원화환율,0000001,원/미국달러(매매기준율),0000100,평균자료,,,,,원,,201911,1167.45
731Y004,3.1.2.1. 주요국 통화의 대원화환율,0000001,원/미국달러(매매기준율),0000100,평균자료,,,,,원,,201912,1175.84
731Y004,3.1.2.1. 주요국 통화의 대원화환율,0000001,원/미국달러(매매기준율),0000100,평균자료,,,,,원,,202001,1164.28
731Y004,3.1.2.1. 주요국 통화의 대원화환율,0000001,원/미국달러(매매기준율),0000100,평균자료,,,,,원,,202002,1193.79
731Y004,3.1.2.1. 주요국 통화의 대원화환율,0000001,원/미국달러(매매기준율),0000100,평균자료,,,,,원,,202003,1220.09
731Y004,3.1.2.1. 주요국 통화의 대원화환율,0000001,원/미국달러(매매기준율),0000100,평균자료,,,,,원,,202004,1225.23
731Y004,3.1.2.1. 주요국 통화의 대원화환율,0000001,원/미국달러(매매기준율),0000100,평균자료,,,,,원,,202005,1228.67
731Y004,3.1.2.1. 주요국 통화의 대원화환율,0000001,원/미국달러(매매기준율),0000100,평균자료,,,,,원,,202006,1210.01
731Y004,3.1.2.1. 주요국 통화의 대원화환율,0000001,원/미국달러(매매기준율),0000100,평균자료,,,,,원,,202007,1198.9
731Y004,3.1.2.1. 주요국 통화의 대원화환율,0000001,원/미국달러(매매기준율),0000100,평균자료,,,,,원,,202008,1186.85
731Y004,3.1.2.1. 주요국 통화의 대원화환율,0000001,원/미국달러(매매기준율),0000100,평균자료,,,,,원,,202009,1178.8
731Y004,3.1.2.1. 주요국 통화의 대원화환율,0000001,원/미국달러(매매기준율),0000100,평균자료,,,,,원,,202010,1144.68
731Y004,3.1.2.1. 주요국 통화의 대원화환율,0000001,원/미국달러(매매기준율),0000100,평균자료,,,,,원,,202011,1116.76
731Y004,3.1.2.1. 주요국 통화의 대원화환율,0000001,원/미국달러(매매기준율),0000100,평균자료,,,,,원,,202012,1095.13
731Y004,3.1.2.1. 주요국 통화의 대원화환율,0000001,원/미국달러(매매기준율),0000100,평균자료,,,,,원,,202101,1097.49
731Y004,3.1.2.1. 주요국 통화의 대원화환율,0000001,원/미국달러(매매기준율),0000100,평균자료,,,,,원,,202102,1111.72
731Y004,3.1.2.1. 주요국 통화의 대원화환율,0000001,원/미국달러(매매기준율),0000100,평균자료,,,,,원,,202103,1131.02
731Y004,3.1.2.1. 주요국 통화의 대원화환율,0000001,원/미국달러(매매기준율),0000100,평균자료,,,,,원,,202104,1119.4
731Y004,3.1.2.1. 주요국 통화의 대원화환율,0000001,원/미국달러(매매기준율),0000100,평균자료,,,,,원,,202105,1123.28
731Y004,3.1.2.1. 주요국 통화의 대원화환율,0000001,원/미국달러(매매기준율),0000100,평균자료,,,,,원,,202106,1121.3
731Y004,3.1.2.1. 주요국 통화의 대원화환율,0000001,원/미국달러(매매기준율),0000100,평균자료,,,,,원,,202107,1143.98
731Y004,3.1.2.1. 주요국 통화의 대원화환율,0000001,원/미국달러(매매기준율),0000100,평균자료,,,,,원,,202108,1160.34
731Y004,3.1.2.1. 주요국 통화의 대원화환율,0000001,원/미국달러(매매기준율),0000100,평균자료,,,,,원,,202109,1169.54
731Y004,3.1.2.1. 주요국 통화의 대원화환율,0000001,원/미국달러(매매기준율),0000100,평균자료,,,,,원,,202110,1182.82
731Y004,3.1.2.1. 주요국 통화의 대원화환율,0000001,원/미국달러(매매기준율),0000100,평균자료,,,,,원,,202111,1182.91
731Y004,3.1.2.1. 주요국 통화의 대원화환율,0000001,원/미국달러(매매기준율),0000100,평균자료,,,,,원,,202112,1183.7
731Y004,3.1.2.1. 주요국 통화의 대원화환율,0000001,원/미국달러(매매기준율),0000100,평균자료,,,,,원,,202201,1194.01
731Y004,3.1.2.1. 주요국 통화의 대원화환율,0000001,원/미국달러(매매기준율),0000100,평균자료,,,,,원,,202202,1198.34
731Y004,3.1.2.1. 주요국 통화의 대원화환율,0000001,원/미국달러(매매기준율),0000100,평균자료,,,,,원,,202203,1221.03
731Y004,3.1.2.1. 주요국 통화의 대원화환율,0000001,원/미국달러(매매기준율),0000100,평균자료,,,,,원,,202204,1232.34
731Y004,3.1.2.1. 주요국 통화의 대원화환율,0000001,원/미국달러(매매기준율),0000100,평균자료,,,,,원,,202205,1269.88
731Y004,3.1.2.1. 주요국 통화의 대원화환율,0000001,원/미국달러(매매기준율),0000100,평균자료,,,,,원,,202206,1277.35
731Y004,3.1.2.1. 주요국 통화의 대원화환율,0000001,원/미국달러(매매기준율),0000100,평균자료,,,,,원,,202207,1307.4
731Y004,3.1.2.1. 주요국 통화의 대원화환율,0000001,원/미국달러(매매기준율),0000100,평균자료,,,,,원,,202208,1318.44
731Y004,3.1.2.1. 주요국 통화의 대원화환율,0000001,원/미국달러(매매기준율),0000100,평균자료,,,,,원,,202209,1391.59
731Y004,3.1.2.1. 주요국 통화의 대원화환율,0000001,원/미국달러(매매기준율),0000100,평균자료,,,,,원,,202210,1426.66
731Y004,3.1.2.1. 주요국 통화의 대원화환율,0000001,원/미국달러(매매기준율),0000100,평균자료,,,,,원,,202211,1364.1
731Y004,3.1.2.1. 주요국 통화의 대원화환율,0000001,원/미국달러(매매기준율),0000100,평균자료,,,,,원,,202212,1296.22
731Y004,3.1.2.1. 주요국 통화의 대원화환율,0000001,원/미국달러(매매기준율),0000100,평균자료,,,,,원,,202301,1247.25
731Y004,3.1.2.1. 주요국 통화의 대원화환율,0000001,원/미국달러(매매기준율),0000100,평균자료,,,,,원,,202302,1270.74
731Y004,3.1.2.1. 주요국 통화의 대원화환율,0000001,원/미국달러(매매기준율),0000100,평균자료,,,,,원,,202303,1305.73
731Y004,3.1.2.1. 주요국 통화의 대원화환율,0000001,원/미국달러(매매기준율),0000100,평균자료,,,,,원,,202304,1320.01
731Y004,3.1.2.1. 주요국 통화의 대원화환율,0000001,원/미국달러(매매기준율),0000100,평균자료,,,,,원,,202305,1328.21
731Y004,3.1.2.1. 주요국 통화의 대원화환율,0000001,원/미국달러(매매기준율),0000100,평균자료,,,,,원,,202306,1296.71
731Y004,3.1.2.1. 주요국 통화의 대원화환율,0000001,원/미국달러(매매기준율),0000100,평균자료,,,,,원,,202307,1286.3
731Y004,3.1.2.1. 주요국 통화의 대원화환율,0000001,원/미국달러(매매기준율),0000100,평균자료,,,,,원,,202308,1318.47
731Y004,3.1.2.1. 주요국 통화의 대원화환율,0000001,원/미국달러(매매기준율),0000100,평균자료,,,,,원,,202309,1329.47
731Y004,3.1.2.1. 주요국 통화의 대원화환율,0000001,원/미국달러(매매기준율),0000100,평균자료,,,,,원,,202310,1350.69
731Y004,3.1.2.1. 주요국 통화의 대원화환율,0000001,원/미국달러(매매기준율),0000100,평균자료,,,,,원,,202311,1310.39
731Y004,3.1.2.1. 주요국 통화의 대원화환율,0000001,원/미국달러(매매기준율),0000100,평균자료,,,,,원,,202312,1303.98
731Y004,3.1.2.1. 주요국 통화의 대원화환율,0000001,원/미국달러(매매기준율),0000100,평균자료,,,,,원,,202401,1323.57
731Y004,3.1.2.1. 주요국 통화의 대원화환율,0000001,원/미국달러(매매기준율),0000100,평균자료,,,,,원,,202402,1331.74
731Y004,3.1.2.1. 주요국 통화의 대원화환율,0000001,원/미국달러(매매기준율),0000100,평균자료,,,,,원,,202403,1330.69
731Y004,3.1.2.1. 주요국 통화의 대원화환율,0000001,원/미국달러(매매기준율),0000100,평균자료,,,,,원,,202404,1367.83
731Y004,3.1.2.1. 주요국 통화의 대원화환율,0000001,원/미국달러(매매기준율),0000100,평균자료,,,,,원,,202405,1365.39
731Y004,3.1.2.1. 주요국 통화의 대원화환율,0000001,원/미국달러(매매기준율),0000100,평균자료,,,,,원,,202406,1380.13
731Y004,3.1.2.1. 주요국 통화의 대원화환율,0000001,원/미국달러(매매기준율),0000100,평균자료,,,,,원,,202407,1383.38
731Y004,3.1.2.1. 주요국 통화의 대원화환율,0000001,원/미국달러(매매기준율),0000100,평균자료,,,,,원,,202408,1354.15
731Y004,3.1.2.1. 주요국 통화의 대원화환율,0000001,원/미국달러(매매기준율),0000100,평균자료,,,,,원,,202409,1334.82
731Y004,3.1.2.1. 주요국 통화의 대원화환율,0000001,원/미국달러(매매기준율),0000100,평균자료,,,,,원,,202410,1361
731Y004,3.1.2.1. 주요국 통화의 대원화환율,0000001,원/미국달러(매매기준율),0000100,평균자료,,,,,원,,202411,1393.38
731Y004,3.1.2.1. 주요국 통화의 대원화환율,0000001,원/미국달러(매매기준율),0000100,평균자료,,,,,원,,202412,1434.42
731Y004,3.1.2.1. 주요국 통화의 대원화환율,0000001,원/미국달러(매매기준율),0000100,평균자료,,,,,원,,202501,1455.79
731Y004,3.1.2.1. 주요국 통화의 대원화환율,0000001,원/미국달러(매매기준율),0000100,평균자료,,,,,원,,202502,1445.56
731Y004,3.1.2.1. 주요국 통화의 대원화환율,0000001,원/미국달러(매매기준율),0000100,평균자료,,,,,원,,202503,1456.95
731Y004,3.1.2.1. 주요국 통화의 대원화환율,0000001,원/미국달러(매매기준율),0000100,평균자료,,,,,원,,202504,1444.31
731Y004,3.1.2.1. 주요국 통화의 대원화환율,0000001,원/미국달러(매매기준율),0000100,평균자료,,,,,원,,202505,1394.49
731Y004,3.1.2.1. 주요국 통화의 대원화환율,0000001,원/미국달러(매매기준율),0000100,평균자료,,,,,원,,202506,1366.95
731Y004,3.1.2.1. 주요국 통화의 대원화환율,0000001,원/미국달러(매매기준율),0000100,평균자료,,,,,원,,202507,1375.22
731Y004,3.1.2.1. 주요국 통화의 대원화환율,0000001,원/미국달러(매매기준율),0000100,평균자료,,,,,원,,202508,1389.66
731Y004,3.1.2.1. 주요국 통화의 대원화환율,0000001,원/미국달러(매매기준율),0000100,평균자료,,,,,원,,202509,1391.83
731Y004,3.1.2.1. 주요국 통화의 대원화환율,0000001,원/미국달러(매매기준율),0000100,평균자료,,,,,원,,202510,1423.36
731Y004,3.1.2.1. 주요국 통화의 대원화환율,0000001,원/미국달러(매매기준율),0000100,평균자료,,,,,원,,202511,1457.77
731Y004,3.1.2.1. 주요국 통화의 대원화환율,0000001,원/미국달러(매매기준율),0000100,평균자료,,,,,원,,202512,1467.4
